nZ,score
2,1.24488084386
5,1.2858023488
10,1.30575098595
20,1.30907461301
50,1.28172631108
100,1.23535937982
200,1.14742290331
400,1.06758650071
800,1.04398327656
